naksh_rus;naksh_en;naksh_small;naksh_shakti;naksh_descr;naksh_action_good;naksh_action_bad;naksh_ruler;naksh_ruler2;naksh_shakti_text;naksh_wish;naksh_simbol;naksh_got;naksh_body;naksh_tithi
Ашвини;Ashwini;🏁  Кшипра (быстрая) ;Шидра Вьяпани Шакти — Сила быстро достигать цели, получать необходимые вещи в жизни ;Торговля, покупки, короткие поездки, занятие спор­том, изготовление и одевание украшений, начало биз­неса, образование и обучение, прием лекарств.;"Хорошо для всех типов начинаний и инициаций (инициатив), особенно это относится к изучению нового, закладке фундамента, лечению, целительству, омоложению и физическим упражнениям. Хорошо для занятий по улучшению внешности, для собственного продвижения на другой уровень, и техники по замедлению старения. Хорошо для всех типов деятельности требующей быстроты мыслей и действий. Действия, связанные с лошадьми.
Благоприятно для продаж и покупок, путешествий, починки велосипедов и прочей механики и техники. Надевание одежды и ювелирных изделий.
Высаживание семян. Изучение астрологии и других оккультных и спиритических наук. Особенно хорошо для организации и устройства священных алтарей, статуй, часовен и т.п. Юридическая активность. Благоприятно для получения (принятия), смены имени на новое.";"Неблагоприятно для брака, всех видов окончаний. Также неблагоприятно для всех видов активности, требующей терпения и настойчивости.
Неблагоприятно для сексуальной активности; для деятельности, тяжелой в эмоциональном плане; интоксикаций и для завершения чего бы то ни было.";Кету  ;Шани ; Позволяет быстро достигать материальных и духовных целей или что-то приобрести. ;Ашвины пожелали: «Можем ли мы обладать хорошим слухом и не быть глухими?»Дает возможность слышать как на внешнем, так и на внутреннем уровнях. Вот почему ее относят к сфере тайного знания и магических способностей. Ашвины — врачи и чудотворцы среди богов. ;Голова лошади ;Ашвини Кумары (Врачеватели богов) ;колени ;-
Бхарани;Bharani;⚡ Урга (ужасная) ;Апа Бхарани Шакти — Сила отнимать и продолжать движение дальше ;Следует соблюдать осторожность: появляется опас­ность отравлений, разрушений, несчастных случаев, обманов. Рекомендуется не совершать поездок, не брать деньги под залог или в долг. В эти дни успеш­ны: работа с огнем или оружием, ядами и химически­ми веществами, подрезание деревьев, соревнования, рискованные действия.;"Любая творческая деятельность; накшатра благоприятна для беспощадных, жестоких, деструктивных, состязательных и воинственных действий; деятельность сексуального, любовного и творческого характера; церемонии, связанные с плодородием, и сельскохозяйственные занятия; начало и окончание деятельности; садоводчество; все занятия, связанные с использованием огня; накшатра также благоприятна для решения ранее отложенных и приберегаемых занятий; все действия, требующие спонтанности; аскетические занятия, требующие самодисциплины;";"Накшатра Бхарани наиболее неблагоприятна для путешествия (эта накшатра связанная также с «пробками» и происшествиями в дорожном движении); также накшатра не подходит для медленных, осторожных и нежных действий, требующих спокойствия и безмятежности; неблагоприятна для инициаций; в настоящие времена накшатра больше подходит для окончания дел, чем для их начинания.";Шукра  ;Раху ; Бхарани обладает силой забирать лишнее, позволяет что-то выбросить, положить чему-то конец и продолжить движение вперёд. ;Яма пожелал: «Могу ли я завоевать господство среди предков?» Хотят уважения и от старших, и от сверстников. Яма — божество смерти и дисциплины (судья). ;Йони (утроба);Яма (Бог смерти и справедливости) ;голова ;4
Криттика;Krittika;🔀 Мриду-тикшна (смешанная);Дахана Шакти — Сила сжигать и очищать на материальном плане. Возможность разорвать привязанности тела ;Заниматься рутинной деятельностью, повседневны­ми обязанностями, не следует начинать новые важ­ные дела.;"Культовый огонь; обряды очищения; отказ от старых привычек; оперативное внесение изменений и внезапные завершения; действия, требующие инициативы, мужества, лидерских качеств и исполнительских способностей; принятие важных решений; военная деятельность; споры; постоять за себя; приготовления пищи; шитье вышивка; резка; бритьё. Все действия, связанные с использованием огня или тепла; материнство и воспитание; хорошо для начала образования; хорошо для начала новых действий в целом; хорошо для тех видов деятельности, где требуются честность и искренность; большинство действий благоприятны в этой Накшатре.";"Общение; дипломатия; отдых или релаксация; активности на воде.";Сурья  ;Гуру ;Это духовная сила, позволяющая побороть все материальные страхи и привязанности (бедность, болезнь…) и обрести духовную свободу, прогресс на духовном пути.;"Агни пожелал: «Могу ли я стать тем, кто ест пищу Богов?»
Агни, будучи огнем, готовит и переваривает пищу. Криттика обеспечивает питанием и способностью хорошо его переваривать. Нативы любят действовать таким же образом для других.
";Бритва/резак;Агни  - бог огня;бока таза ;6
Рохини;Rohini;🏡  Дхрува (неподвижная) ;Рохана Шакти — Сила выращивания и созидания ;Рекомендуется совершать деятельность, рассчитан­ную на долговременный результат: заключать брак, начинать новый бизнес, сажать семена, переезжать в новый дом, давать клятвы, принимать обеты, за­кладывать фундамент дома, начинать строитель­ство и т.д.;"Накшатра крайне благоприятна для начала любой деятельности; благоприятна для таких сельскохозяйственных работ как посадка и посев, торговых и финансовых занятий любых типов; хороша для свадьбы, мер по исцелению и самосовершенствованию, исследования природы и путешествий; благоприятна для начала строительства, романтики и секса, приведения материального мира в порядок, покупки одежды, украшений, автомобилей и пр.";Накшатра неблагоприятна лишь для тех видов деятельности, которые связаны со смертью, разрушением и уничтожением.;Чандра ;Буддха; Сила начинать что-то новое (отношения, дело), позволяет проявлять то, что уже давно запланировано. ;"Глядя на Рохини, Брахма захотел: «Пусть она приблизится ко мне. Можем ли мы воссоединиться?» 
Тот, кто делает подходящее подношение Брахме, к нему приходит его возлюбленная (-ый), и они воссоединяются. Это накшатра любви, страсти и сексуальности, которая, как правило, плодотворна и креативна, но не склонна терпеть ограничения. Из-за этого накшатра является очень продуктивной почти для всяких дел, но также может вызывать ревность к себе.";Повозка, красная корова ;Брахма (Праджапати) - творец вселенной;голени ;1
Мригашира;Mrigasira;🍀  Мриду (мягкая) ;Принина Шакти — Сила исполнять и доставлять наслаждение, удовлетворение ;Заключение брака, знакомство, зачатие детей, на­чало новых проектов, покупки, путешествия, а так­же выполнение торжественных ритуалов: открытие чего-либо, чествование и т.д.;"Обычно благоприятна любая беззаботная деятельность; особенно благоприятны путешествия, изучение природы, осмотр достопримечательностей; сексуальные наслаждения; все виды артистической работы; исцеляющие и омолаживающие практики; основание образовательных заведений; превосходно чувствуют себя в коллективе; смена места жительства; подходит любая деятельность, связанная с общением; подходят устройство алтарей, религиозной атрибутики и выполнение духовных инициаций; подходят рекламная и торговая деятельность; смена имени.";"Не подходят брачные церемонии (в Ведических текстах говорится, что Шива взял в жёны Парвати, когда Луна находилась в этой накшатре, вследствие этого в их браке было много переживаний); не подходит любая тяжёлая и грубая деятельность; неблагоприятно спорить или принимать важные долгосрочные решения серьёзного характера.";Мангала;Шукра ; Дает возможность исполнять желания и быть удовлетворенным жизнью.;Сома пожелал: «Могу ли я завоевать господство среди растений?» Рожденные под Мригаширой выигрывают господство среди своих сверстников, а желая угодить Сома, вызывают восторг или доставляют наслаждение своим сверстникам. Они могут быть зажигательными и занимательными лидерами, сияющими для других как Луна. По этой причине такие люди обычно более всего ценятся в качестве друзей. Сома — божество блаженства, исцеления, омоложения и бессмертия. ;Голова оленя, Антилопа ;Чандра (Инду/Сома) - бог Луны;глаза ;5
Ардра;Ardra;💢 Тикшна (резкая) ;Ятна Шакти — Сила в применении усилий и умении достигать ;Активные действия, наступление, встреча с противни­ком. Возможны обвинения и ссоры. В это время бла­гоприятно заниматься духовной практикой. Рекомен­дуется не начинать поездку, не совершать покупки.;"Благоприятна исключительно для деятельности, связанной с профессиями и местами накшатры. Подходит для деструктивной деятельности, такой, как, например, разрушение старых зданий, избавления от старых, отживших свое вещей и привычек. Хороша для того, чтобы встретиться лицом к лицу со скрытыми, глубинными проблемами и сложностями, а также для исследований и творчества в контролируемых накшатрой сферах деятельности; подходит для умилостивления яростных божеств, таких как Рудра и Кали.";Накшатра неблагоприятна для любых начинаний. В целом неблагоприятна для таких «положительных» видов деятельности как заключение брака, путешествия, дарение и получение подарков, проведения религиозных церемоний и т.п.;Раху  ;Кету ; Если не хватает силы воли, то Ардра позволяет разрушить оковы невежества (убрать ненужное) и дать энергию обновления. Шакти подразумевает сосредоточение на поиске и приложение концентрированных усилий для достижения обозначенной цели. Рудра, Божество накшатры, выступает также в роли охотника и лучника. Для стрелка из лука (и накшатры соответственно) ключевым является постановка задачи и умение вовремя выстрелить, чтобы добиться необходимого результата. От точности выстрела зависит конечный результат.;"Рудра: «Могу ли я стать властелином животных?» 
Рудра (жестокая форма Шивы) — властелин диких животных, и всего того, что является диким, странным или вызывает тревогу. Всё это пронизывает Ардру, и таким образом, ей необходимо установить контроль над этим. Проявляется интерес к «дикому», неестественному, к обузданию диких качеств человеческой природы.";Голова, Слеза ;Рудра (Шива) - бог грозы и бурь;череп, волосы ;11
Пунарвасу;Punarvasu;🚀 Чара (подвижная) ;"Васутва Пропана Шакти — Сила в способности накапливать богатство и имущество; получать предметы на материальном уровне ";Путешествия, приобретение транспортных средств, начало лечения, начало ремонта, обучение, садо­водство.;"Путешествия, исследования, паломничества, принятие лекарств, и любая деятельность, связанная с лечением. Эта накшатра хороша для того, чтобы
«начать все сначала» - в проектах, взаимоотношениях и т.п. Любая деятельность, связанная с сельским хозяйством, садоводством. Любая деятельность, требующая воображения, новаторского подхода, покупка машин, домов. Начало строительства, начало обучения. Благоприятно для заключения брака. Хорошо для взаимодействия с детьми, филантропической деятельности – пожертвований и т.п. Хорошо для духовных практик – поста, возведения алтарей, медитации и самосозерцания. Хорошее время для наслаждения простыми радостями жизни. Очень хорошо для поклонения Божественной Матери.";Давать или брать деньги в долг, дела, связанные с законом, а также другие дела, связанные с давлением и конфликтами.;Гуру  ;Буддха; Даёт возможность накопить, открыв счет в банке, или приобрести какое-либо имущество.;Вначале на Земле не было растительности. Она пожелала: «Могу ли я производить травы и деревья?» Тот, кто делает соответствующее подношение Адити производит потомство и обзаводится крупным рогатым скотом. Пунарвасу — творческая накшатра, управляемая Землей — Вселенской Матерью Адити. Это дает способности создавать формы и структуры. Рожденным под этой накшатрой нравится производить вещи с материнской заботой к ним. ;Лук (с тетивой), Колчан ;Адити - мать богов;пальцы ;-
Пушья;Pushya;🏁  Кшипра (быстрая) ;Брахма Варчава Шакти — Сила управлять творческой энергией и пробуждать духовную энергию в каждом живом существе ;Торговля, покупки, короткие поездки, занятие спор­том, изготовление и одевание украшений, начало биз­неса, образование и обучение, прием лекарств.;"Лучшая Накшатра для начала чего-либо. Хороша для проведения вечеров, торжеств, художественных и творческих мероприятий, особенно музыкальных и танцевальных. Приятны путешествия. Можно начинать борьбу с врагами (враги ослаблены в Пушье и не могут причинить много вреда), поиск правовой помощи. Успешны финансовое планирование и сделки. Хороша для приготовления еды, садоводства, выбора и покупки домашних животных.
Любая деятельность, связанная с детьми, исцеляющая и успокаивающая деятельность в целом. Благоприятны религиозные и духовные старания, особенно посвященные Матери, проведение поклонений Божественной энергии Матери.
Хорошо для закладки первого камня в фундамент будущего дома, начало строительства дома и обращение за помощью к своему роду.";"Свадьба (женитьба) – практически единственный вид деятельности, которая неблагоприятна под этой Накшатрой.
Неблагоприятна для суровой, жесткой и негативной деятельности.";Шани  ;Гуру ; Позволяет очень сильно творчески прогрессировать, когда не хватает вдохновения, идей. Энергия питания и наполнения.;Брихаспати пожелал: «Может ли у меня быть роскошь владения духовным знанием?» Тот, кто делает соответствующее предложение Брихаспати обретает роскошь духовного знания. Пушья связывает нас с духовным знанием, а также с религией, ритуалом и моралью в целом. Посредством этой Накшатры добро побеждает зло. Брихаспати — первосвященник и гуру среди божеств, обладающих силой Божественного Слова. ;Цветок, Вымя коровы ;Брихаспати (Гуру богов) ;рот, лицо ;-
Ашлеша;Ashlesha;💢 Тикшна (резкая) ;Вис Ашлешана Шакти — Сила отравления и уничтожения жертвы ;Активные действия, наступление, встреча с противни­ком. Возможны обвинения и ссоры. В это время бла­гоприятно заниматься духовной практикой. Рекомен­дуется не начинать поездку, не совершать покупки.;"Все виды деятельности, требующие строгих мер, таких как работа с ядами, ведение судебных процессов и т.д.; благоприятствует интригам и заговорам против врагов; сексуальной активности, кратковременным действиям; Кундалини йоге.";"Неблагоприятна для всех начинаний; особенно неблагоприятна для коммерческой деятельности, для заимствования или предоставления ссуды.";Буддха ;Раху ; Шакти даёт понимание как можно обезвредить/обезоружить врагов.;"Боги и Демоны воевали. Боги принесли жертву Ашлеше. И Демоны были изгнаны. В Ашлеше можно победить своих врагов, отогнать ненавистных противников. Посредством этой накшатры человек получает яд змей для использования его на других. Рожденные под Алешей становятся могущественными воинами с мощным оружием. Ашлеша представляет Нагов, или Змей, их мудрость и силу. 
";Змея, Объятие ;Сарпа [змея] (Ахи) ;суставы, ногти ;9
Магха(щедрая) ;Magha;⚡ Урга (ужасная) ;Тьяга Шепни Шакти — Сила достигнуть непривязанности к телу и осознанная возможность покинуть тело ;Следует соблюдать осторожность: появляется опас­ность отравлений, разрушений, несчастных случаев, обманов. Рекомендуется не совершать поездок, не брать деньги под залог или в долг. В эти дни успеш­ны: работа с огнем или оружием, ядами и химически­ми веществами, подрезание деревьев, соревнования, рискованные действия.;Все виды церемоний, особенно помпезные и грандиозные, свадебные церемонии, эстрадные и публичные выступления включающие в себя музыку, ораторство и драма, общественные выставки, коронации, и другие события, связанные с короной, парады, церемонии награждения, исследование генеалогического древа, всё, что связано с прошлым, изучение и исследование истории, приобретение нового имени, совершенствование в профессиональной деятельности, разработка стратегии карьеры, продвижение по службе, пожертвования, изучение древнего знания, религиозная деятельность всех видов, особенно если она включает в себя поклонение предкам, благоприятно дискутировать, искать благосклонность облечённых властью людей, правительства и иных авторитетных персон.;Неблагоприятно давать взаймы, вести себя подобострастно, убого и обыкновенно, построение планов на будущее, медицинский осмотр, разведка, иметь дело с новыми технологиями.;Кету  ;Буддха; Шакти хороша для духовных вопросов и осознания материальных привязанностей (вопрос жизни и смерти). В состоянии болезни помогает осознать непривязанность к телу. ;Питры (предки) желали: «Пусть мы будем процветать в мире предков». Магха дает славу, которая проходит через поколения (как в семье, так и для всего человечества). Рожденный под этой накшатрой стремится к высокой репутации, к своего рода королевскому или покровительствующему статусу.;Паланкин, Трон во дворце;Питриган (Питара,Манес) - предки;нос ;30
Пурва-Пхалгуни;Poorva Phalg.;⚡ Урга (ужасная) ;Праджанана Шакти — Сила порождать новое и соединять противоположности ;Следует соблюдать осторожность: появляется опас­ность отравлений, разрушений, несчастных случаев, обманов. Рекомендуется не совершать поездок, не брать деньги под залог или в долг. В эти дни успеш­ны: работа с огнем или оружием, ядами и химически­ми веществами, подрезание деревьев, соревнования, рискованные действия.;"Бракосочетание, секс, романтика; хороша для работы с органами власти и всякого рода убеждениями; хорошая накшатра для очистки воздуха после долгих диспутов; хороша для противостояния врагам умиротворяющим путем; отдых, релаксация и наслаждение; творчество, такое как живопись, пение и т.д.; хороша для использования харизмы или личной власти для получения информации; хороша для покупки недвижимости и все вопросы, касающиеся недвижимости и строительства в целом.";"Неблагоприятна для всех видов деятельности, требующих понижения эго; не подходит для начала нового; не подходит для интеллектуальной деятельности, не хороша для лечения или исцеления болезней; болезни, начавшиеся в эту накшатру трудноизлечимы.";Шукра  ;Гуру ; Хороша для новых начинаний (начать жизнь заново). Дает понимание того, как совместить несовместимое.;Бхага пожелал: «Могу ли я разделить с Богами их лучшую долю?» Рожденные под Пурвой Пхалгуни ищут всё самое лучшее для себя и получают лучшую долю среди своих сверстников. Они становятся знатоками жизни, выискивая все тонкое и изысканное. Бхага представляет собой красоту, харизму, удачу и восторг. ;Ложе, гамак ;Бхага (Шивалингам) - Солнце как счастье;губы ;13
Уттара-Пхалгуни;Uttara Phalg.;🏡  Дхрува (неподвижная) ;Чаяни Шакти — Сила процветать через брачный союз ;Рекомендуется совершать деятельность, рассчитан­ную на долговременный результат: заключать брак, начинать новый бизнес, сажать семена, переезжать в новый дом, давать клятвы, принимать обеты, за­кладывать фундамент дома, начинать строитель­ство и т.д.;"Благоприятна для сексуальной активности и заключения брака; в целом благоприятна для создания вещей, имеющих продолжительную природу – организаций, обществ и т.п.; хороша для того, чтобы иметь дело с высшими авторитетами, применения административных мер всех типов, покупки собственности или вхожения в новый дом в первый раз; открытий, инаугураций и клятв; обещаний; проведения священных церемоний и ритуалов; надевания новой одежды и украшений; благотворительности; деятельности, связанной с карьерой, исполнения отеческих обязанностей; деятельности, требующей такта и дипломатичности.";"Окончания любых типов, жёсткие формы взаимодействия – конфронтации, возмездия или общение с врагами; неблагоприятна для одалживания денег, если вы ожидаете получить их обратно.";Сурйа  ;Кету ; Хорошо советоваться по поводу будущего брака, партнера (личной жизни), получения любой выгоды через брак.;Арьяман: «Могу ли я стать властелином животных?» Рожденные под Уттарой Пхалгуни ищут коллег и последователей, чтобы помочь им в решении их дел. Они обычно благородны по своей природе (по крайней мере, в отношении тех, кому помогают). Арьяман управляет контрактами, соглашениями, помощью и обслуживанием. ;Кровать ;Арйаман - Солнце как друг;гениталии ;10
Хаста;Hasta;🏁  Кшипра (быстрая) ;"Хаста Штапанияагама Шакти — Сила получить то, что человек ищет; вложить в руки предмет желания ";Торговля, покупки, короткие поездки, занятие спор­том, изготовление и одевание украшений, начало биз­неса, образование и обучение, прием лекарств.;"Подходит для большинства мероприятий под эгидой Солнца; искусство и ремесла; деятельность, вызывающая смех; все виды увлечений, особенно такие, как керамика и изготовление ювелирных вещей; посадка семян и садоводство в общем; домашняя работа; изучение науки и астрологии; обучение языкам; все виды деятельности, требующие ловких рук и репетиций; магические трюки; все виды бизнес деятельности, требующие такта и дальновидности; развлечения; хороша для женитьбы; покупки и продажи, особенно для таких вещей как текстиль, зерно и пр.; хороша для работы по уходу за детьми, хороша для заключения выгодных сделок; для кражи; холистического лечения заболеваний; путешествий, смены места жительства.";"Планирование долгосрочных целей и задач; сексуальной активности; не поддерживает отдых и релаксацию. Неблагоприятна для всех видов деятельности, требующих исполнительских способностей и зрелости; не подходит для большинства ночных видов деятельности.";Чандра ;Чандра;" Энергия определиться с тем, что мы действительно ищем (отделить зерна от плевел; найти то, что именно наше) и получить это.";Савитар пожелал: «Пусть Боги уповают на меня». Пользуются доверием у людей, становятся Солнцем среди своих сверстников. Людям, рожденным под Хастой, хочется верить, и они также хотят, чтобы в них верили. Они считают себя способными к большим достижениям и могут служить для сплочения и вдохновения окружающих. Савитар — аспект Сурьи (Солнца), энергия вдохновения и мантра Гаятри, он подобен Аполлону среди греков. ;Закрытая рука, Ладонь ;Савитар, Сурйа(Рави) как вдохновение;руки (кисти) ;12
Читра(блеск) ;Chitra;🍀  Мриду (мягкая) ;Пунья Чаяния Шакти — Сила накопления благочестивой кармы, заслуг ;Заключение брака, знакомство, зачатие детей, на­чало новых проектов, покупки, путешествия, а так­же выполнение торжественных ритуалов: открытие чего-либо, чествование и т.д.;Улучшения здоровья и тела, покупка новых вещей и ношение их, ремонт дома, дизайн дома, любые действия, связанные с ремёслами, творчество в целом, любой вид действий с механикой, хорошо для выступлений, благоприятно первый раз надевать драгоценные камни и ювелирные изделия, декорирование, благоприятны духовные практики, такие как визуализации, все действия связанные с противоположным полом, благоприятно собирание трав и изготовление лекарств, благоприятны все действия, требующие харизмы, элегантности и личного очарования.;Неблагоприятны прямые конфронтации, свадьбы, неблагоприятно для действий, требующих зрить в корень и расследований, потому что иллюзии сильны в это время.;Мангал ;Шани ; Во время тяжелых периодов, когда выходит много негативной кармы, энергия Читры помогает получить доступ к хорошей карме, к благословениям (подаркам судьбы).;Тваштар пожелал: «Могу ли я получить прекрасное потомство?» Получают прекрасное потомство. Тваштар — это форма Творца (архитектор Вселенной), обычно называемая Праджапати, с дополнительными особыми способностями в искусстве и магии. Поэтому Читра обладает великими творческими способностями, дарит великолепие, множественность и изобилие. ;Жемчужина (на змее) ;Тваштар (Вишвакарма) - божественный архитектор;лоб ;-
Свати;Swati;🚀 Чара (подвижная) ;Прадхвамса Шакти — Сила трансформации (изменений), способность рассеивать как ветер ;Путешествия, приобретение транспортных средств, начало лечения, начало ремонта, обучение, садо­водство.;"Хороший для деловых и торговых операций; Рекомендуемый для того, чтобы начать любое образовательное предприятие; Хорош для изучения в общем; Общественная деятельность и события; Контакт с общественностью; Финансовые операции; Все действия, которые требуют спокойного и гибкого подхода; Ключ здесь - дунуть с ветром; Уход и украшение; Купля Продажа вообще; Акции, где дипломатия требуется; Изучение Изобразительного искусства и Наук.";"Не хороший для перемещения; Жестокие или воинственные действия; Нежелательно реагировать на любой тип агресивного поведения в эту накшатру";Раху  ;Буддха; Свати помогает обновиться, переродиться, выйти на новый уровень (быстро изменить свою жизнь и себя), узнать что-то новое. Ветер перемен.;Вайю (Ветер): «Могу ли я выиграть свободу передвигаться по всем мирам?» Ветер свободно движется по всем мирам. Рожденным в Свати не нравится, когда их держат или «привязывают» к чему (кому) -либо. Им нравится путешествовать, куда и когда они захотят, получают свободу передвижения по всему миру.;Коралл, Росток ;Вайу - бог ветра;прана, зубы ;-
Вишакха(вилка);Vishakha;🔀 Мриду-тикшна (смешанная);Вьяпана Шакти — Сила достигать и проявлять скрытое, делать скрытое явным ;Заниматься рутинной деятельностью, повседневны­ми обязанностями, не следует начинать новые важ­ные дела.;"Напористые, воинственные действия; любая деятельность, требующая управленческих способностей; исполнение чего-то, что требует дискуссионного, аргументированного подхода; любые жесткие, суровые действия; действия, требующие умственной концентрации, сфокусированности; достижение целей; все типы церемоний, торжеств и празднований; церемонии по вручению наград; любой вид украшение себя; ухаживания и сексуальная активность; раскаяние, исполнение епитимьи; принятие решений.";"Неподходящий для путешествий; вступления в брак; инициации любого вида; деятельность, требующая такта и дипломатичности.
";Гуру  ;Шани ; Энергия полезна, чтобы разгадать тайну. Другим людям будет сложно обмануть Вишакху.;Индра и Агни: «Могу ли я получить великую славу среди Богов?» Приобретают большую славу среди своих сверстников. Вишакха – накшатра конкуренции, обладающая огненной и молниеподобной энергией и эффектами (здесь Индра — молния, а Агни — огонь). Рожденные в эту накшатру ищут власть и признание. Но они также обладают мудростью и проницательностью. ;Трумфальная арка ;Индра-Агни - бог молний и огня;руки (плечо, предплечье);-
Анурадха;Anuradha;🍀  Мриду (мягкая) ;Радхана Шакти — Сила поклонения, верования, духовных практик ;Заключение брака, знакомство, зачатие детей, на­чало новых проектов, покупки, путешествия, а так­же выполнение торжественных ритуалов: открытие чего-либо, чествование и т.д.;"Групповая деятельность; исследовательская и научная деятельность, а также оккультные предметы; медитация; изучение природы; благоприятно заниматься руководящей деятельностью, требующей незамедлительного принятия решений; путешествия; иммиграция и связанные с заграницей дела; целительство; времяпрепровождение с друзьями; финансы и бухгалтерия; спокойное размышление; тайная деятельность.";"Супружество; деятельность, связанная с открытым противостоянием; деятельность, связанная с инаугурацией и начинаниями; рутинная и обычная работа.";Шани  ;Шани ; Шакти поддерживает духовные устремления, дает большие духовные силы.;Митра пожелал: «Могу ли я считаться другом во всех мирах?» Рожденные под Анурадхой хотят быть другом для всех. Они эмоционально чувствительны к другим и ставят благосостояние других выше своего собственного. Митра значит «друг», он представляет собой сострадание. ;Лотос ;Митра - божественный друг, владыка сострадания;пищевой тракт, грудь ;-
Джйештха;Jyeshtha;💢 Тикшна (резкая) ;Арохана Шакти — Сила возвыситься над страхом смерти и опасности. Сила покорения подсознания ;Активные действия, наступление, встреча с противни­ком. Возможны обвинения и ссоры. В это время бла­гоприятно заниматься духовной практикой. Рекомен­дуется не начинать поездку, не совершать покупки.;"Суровая деятельность; проектирование; шпионаж; интриги; передача судебных решений; достижение баланса; занимать твердую позицию при решении важных вопросов; брать все под свой контроль; выражение чувства заботы в соответствии со своей авторитарной природой; административная деятельность; полицейская работа или контроль ситуации; оккультная деятельность; ответственность при исполнении обязанностей; деятельность имеющая отношение к заботе, уходу и защите.
Общение со старейшинами, особенно оказание помощи пожилым людям; забота о семейных делах; оккультные виды деятельности, требующие много покаяния; поддержание дискуссии по серьезным вопросам; грандиозное планирование; сдержанность из уважения к другим при исполнении обязанностей; развитие самодисциплины.";"Валяться в депрессии, обижаться и с трудом поддерживать отношения; неверность; деятельность из эгоизма или желания быть в центре внимания; использовать других; брак; исцеление, долгий отдых; рутинная деятельность; любые отношения, требующие много такта, чуткости и нежности; не хорошо для путешествий.";Буддха ;Гуру ; Помогает преодолеть любые фобии.;"Индра пожелал: «Могу ли я завоевать превосходство среди Богов?» Рожденные под Джйештхой стремятся быть лучшими и занимать наивысшее положение в обществе, но достигают этого сами, своими силами благодаря своим личностным качествам, а не полагаясь на других. Чаще всего они проявляют себя наилучшим образом именно тогда, когда все оставляют их наедине с собой. Индра – это царь ведических Богов, он завоевывает свое господство аскезами.
";Зонт, Старший брат ;Индра - бог грома;шея, пупок ;7
Мула(корень) ;Moola;💢 Тикшна (резкая) ;Бархана Шакти — Сила разрушения или уничтожения вещей (намерений) ;Активные действия, наступление, встреча с противни­ком. Возможны обвинения и ссоры. В это время бла­гоприятно заниматься духовной практикой. Рекомен­дуется не начинать поездку, не совершать покупки.;"Любая деятельность, вовлеченная в понимание корня вопроса; деятельность, связанная с соединением вместе знаний, людей и т.п.; пение, ораторское искусство и все виды деятельности, требующей силы и динамики; хороша для применения трав и лекарственных средств; подходит для посадки, озеленения и других видов сельскохозяйственной деятельности; применима для закладки фундамента дома, строительных работ; покупки и продажи домов, хороша для выражения сексуальности; благоприятна для приключений, хороша для удачной охоты; благоприятна для созерцания, наблюдения за собой и самоутверждения; благоприятна для размышлений о смерти и жестоких божествах, таких как Кали; хороша для просвещения в оккультных сферах и исследованиях в таких науках как астрология.";"Не в пользу любой деятельности, связанной с балансом, тактом, дипломатией; не хороша для инициации или начала, относящихся к материалистическим вопросам; не подходит для семейных церемоний; особенно неблагоприятна для заимствования денег или кредитования, финансовых операций в целом.";Кету  ;Шани ; Мула поможет что-то уничтожить, разрушить… особенно, если дурные намерения или нужно выкинуть вещи. Но если благоприятное намерение, то от энергии Мулы нужно уходить, т.к. иначе всё будет разрушено на корню.;"Праджапати пожелал: «Могу ли я найти источник потомства?» Приобретает источник потомства. Здесь Мула управляется Праджапати, Творцом, который также управляет Рохини. Это придает Муле более творческую энергию, что подчеркивается здесь. Мула — значит источник, корень. Она наделяет источником потомства или сильными творческими способностями как и Рохини. В оригинальных источниках Мула также управляется Ниррити. В негативном значении Мула, управляемая Ниррити, отнимает источник своего потомства или вызывает потерю первого ребенка. 
";Пучок корней ;Нирити (Алакшми) - богиня разрушения;ступни ;-
Пурва-Ашадха;Poorvashadha;⚡ Урга (ужасная) ;Варча Грахана Шакти — Сила воодушевлять и вдохновлять («дарить крылья») ;Следует соблюдать осторожность: появляется опас­ность отравлений, разрушений, несчастных случаев, обманов. Рекомендуется не совершать поездок, не брать деньги под залог или в долг. В эти дни успеш­ны: работа с огнем или оружием, ядами и химически­ми веществами, подрезание деревьев, соревнования, рискованные действия.;"Решение задач, которые требуют храбрости, сильной позиции; противостояние врагам и оппозиции, наряду с примирением и прощением; улаживание долговых дел; участие в войне; вдохновение и побуждение других к действиям; возобновить и вдохнуть новую жизнь в энергию, цели и действия на ментальном, духовном, эмоциональном или физическом уровнях; приключения, включающие исследования природы и спортивные виды деятельности; творческое новаторство; путешествия по воде, посещение водных мест и все виды деятельности, связанные с водой; парусный спорт и все другие водные виды спорта; разработка стратегий, усиливающих уверенность; поклонение женским энергиям богинь; хвастовство, щегольство; проявление мужества; хорошо все, что связано с лошадьми; актерская игра на сцене; украшение себя или своего окружения; посещение древних мест; приобретение духовных и оккультных знаний, инициации; благоприятно для сельскохозяйственной деятельности; хорошо для женитьбы/замужества, а также активизации сексуальной активности; все виды деятельности, связанные с соответствующими профессиями.";"Неблагоприятно все, что требует такта и дипломатичности; неподходящее время для спокойных размышлений; не время для завершения дел, если только это не обещает улучшения будущего; не особенно благоприятно для путешествий по земле.";Шукра  ;Буддха; C Пурва Ашадхой можно обсуждать какие-то благоприятные дела, которые вы хотите осуществить или если есть намерение, но вы не воодушевлены и не хватает силы, чтобы его реализовать, тогда, взаимодействуя с Пурва Ашадхой, «вырастают крылья» и будет легко делать то, что необходимо.;"Варуни (Апас Деви) пожелала: «Пусть обретем море, достигнем океана». Тот, кто делает соответствующее подношение богине Вод обретает море по своему желанию. Рожденный под Пурвашадхой ищет общения, связей подобно тому, как вода стремится влиться в океан. Это творческая, питающая и целительная накшатра. Варуни (супруга Варуны) управляет космическими водами, включая океаны. 
";Веер ;Апас  - богиня разрушения;правое бедро ;-
Уттара-Ашадха;Uttarashadha;🏡  Дхрува (неподвижная) ;Апрадхришья Шакти — Сила давать постоянную победу ;Рекомендуется совершать деятельность, рассчитан­ную на долговременный результат: заключать брак, начинать новый бизнес, сажать семена, переезжать в новый дом, давать клятвы, принимать обеты, за­кладывать фундамент дома, начинать строитель­ство и т.д.;Планирование новых начинаний, планирование всего, составление первоначальных планов любой деятельности, начало новых действий, закладка фундаментов. Все духовные, религиозные действия и ритуалы, наведение порядка в делах, действия, требующие большой проницательности и правильных суждений. Все дела, связанные с бизнесом, подписание контрактов, продвижение, авторитетные действия, артистические предприятия, заключение брака, сексуальные действия. Заселение в новое жилище, взаимодействие с авторитетами, общественные, политические или юридические дела. Это одна из лучших накшатр для начала любого вида деятельности.;Неблагоприятно для путешествий. Не хорошо для завершений, окончаний дел. Уттарашадха в общем хороша для любой деятельности кроме неправедной незаконной). Неэтичное, грубое, буйное, необдуманное, примитивное поведение здесь не позволяется.;Сурья  ;Раху ; Энергия, которую невозможно победить. Хорошо использовать, когда необходимо выиграть, победить, стать первым абсолютно в любом направлении жизни. Позволяет становиться самым лучшим и держаться на пьедестале победы всегда.;Вселенские Боги (Вишва Девы) пожелали: «Можем ли мы получить победу, которая никогда не будет утрачена?» Достигают победы, которая никогда не будет утрачена. Уттарашадха – накшатра конкуренции, заставляющая искать больших достижений, но в союзе с другими, в прочном партнерстве, в организациях и ассоциациях. Успех достигается благодаря широким связям. ;Бивень слона, Койка ;Вишведэвы (Брахман) - боги вселенной;левое бедро ;15
Шравана;Shravana;🚀 Чара (подвижная) ;Самханана Шакти — Сила объединяться в сообщества, создавать группы ;Путешествия, приобретение транспортных средств, начало лечения, начало ремонта, обучение, садо­водство.;"Религиозные ритуалы и представления; новые начинания; покупка недвижимости и переезд в новый дом; медицинские процедуры и применения лечебных средств; превентивные меры любых видов; слушать советы (слушание в общем); общественные взаимодействия и публичные действия; учеба, изучение языков и классических традиций; читать и писать; музыка, философия и медитация; хорошо для сексуальной активности; улаживание конфликтов; любая организационная деятельность; приготовление и принятие лечебных трав и лекарств; политика; покупка новой одежды, предметов и инструментов для дома или бизнеса; инициации в духовном обучении; получать и давать консультации; важные телефонные звонки; благоприятно для путешествий, особенно в направлениях этой накшатры; брать новое имя; гуманитарные действия; почитание Вишну и Сарасвати.";"Неблагоприятно для агрессивных, сомнительных или рискованных предприятий, таких, как судебные процессы, войны и т.д.; творчества, предусматривающего ручной труд; окончания дел, например сноса старых зданий; почитания жестоких, суровых божеств, таких, как Рудра; также считается неблагоприятным для свадебных церемоний и усыновления детей.";Чандра ;Чандра; Шакти позволяет решить любой конфликт, примирить и собрать вместе людей, легко войти в какую-либо группу людей. ;Вишну: «Могу ли я слышать, что люди хорошо говорят обо мне? Могу ли я не получать никакого плохого отношения?» Рожденные под Шраваной обеспокоены тем, что люди говорят о них, какая у них репутация в обществе. Они будут стремиться сохранять себя в доброй славе, слышать хорошие слова о себе и не доходить до конфликтов. Они чувствительны к мнениям других. Вишну — энергия поддержания. ;Стрела, Три следа ;"Вишну, Хари - хранитель мироздания, ""всеобъемлющий"" ";уши ;3
Дхаништха;Dhanishta;🚀 Чара (подвижная) ;Кьяпайтри Шакти — Сила давать славу, почёт и изобилие материальных ценностей ;Путешествия, приобретение транспортных средств, начало лечения, начало ремонта, обучение, садо­водство.;"Исполнение религиозных ритуалов; творческая деятельность в целом, особенно музыка и танцы. Групповая деятельность всех видов; мегапраздничные мероприятия с участием огромной толпы, такие как концерты, церемонии открытий и прочее. Все мероприятия с вовлечением пышности и великолепия; покупка движимого и недвижимого имущества; путешествия – короткие и дальние поездки; все виды деятельности, требующей проявления агрессии и активной позиции; предоставление займов и все виды финансовых операций; медитация, йога, садоводство, покупка новой одежды, драгоценных камней, ювелирных изделий; благоприятна для лечения заболеваний; для открытия образовательных учреждений; карьерная деятельность, связанная с достижением известности и признания; изучение и использование высокотехнологичного оборудования и вооружения.";"Неблагоприятна для сексуальной активности и брака; деятельность рутинная или ограничительного характера, такая как отказ от старой привычки; не очень хорошее время для формирования новых партнерских отношений, домашней деятельности, такой как уборка и прочее; отношения с людьми, требующими тактичного, разумного и нежного обращения.";Мангала;Буддха; Дхаништха способна помочь человеку достичь уважения в обществе и стать обеспеченным.;Васу пожелали: «Можем ли мы быть в центре вершины Богов?» Получают верховное положение среди своих сверстников. Васу господствуют над материальной и мирской роскошью Земли, которыми наделяет их накшатра. Достижения приходят за счет связей, союзов. ;Табла(барабан), Флейта ;Ашта-Васу (Васу) - боги Света и Изобилия;спина ;8
Шатабхиша;Shatabhishak;🚀 Чара (подвижная) ;Бхешайа Шакти — Сила лечить, исцелять и поддерживать ;Путешествия, приобретение транспортных средств, начало лечения, начало ремонта, обучение, садо­водство.;Хорошо для подписания бизнес-сделок и контрактов, земельных сделок и сделок, касающихся домов, недвижимости, образование и обучение, путешествия особенно водные), катание на велосипедах и мотоциклах, приобретение новых автомобилей, развлекательные мероприятия, медитация и йога, сексуальная активность, обучение астрономии и астрологии, медицина, терапия, омоложение и процедуры, направление на увеличение жизни, медиа события, технологическая деятельность, посещение морского побережья.;Нехорошо для начала чего-либо, брак, рождение, лечение бесплодия, дела, связанные с законом, судебные споры, действия гнева и негатива, не слишком хорошо для большой социальной активности, общения, связанного с работой, не очень хорошо для финансовых вопросов, для покупки новой одежды и ювелирных украшений, для домашней семейной) деятельности.;Раху  ;Шани ; В присутствии людей с Шатабхиша накшатрой возможно выздоравливать психологически и физически.;Варуна пожелал: «Могу ли я быть твердым и не колебаться?» Становятся твердыми, приобретают постоянство. Эта твердость также подразумевает освобождение от болезней и слабостей. Шатабхиша — это накшатра исцеления и энергии. Варуна управляет кармой и ее устроением. ;Круг, 100 целителей;Варуна - бог воды;челюсти, смех ;-
Пурва-Бхадра;Poorvabhadra;⚡ Урга (ужасная) ;Йаямана Удьямана Шакти — Сила развиваться и прогрессировать (эволюционировать) ;Следует соблюдать осторожность: появляется опас­ность отравлений, разрушений, несчастных случаев, обманов. Рекомендуется не совершать поездок, не брать деньги под залог или в долг. В эти дни успеш­ны: работа с огнем или оружием, ядами и химически­ми веществами, подрезание деревьев, соревнования, рискованные действия.;"Все опасные, сомнительные и рискованны действия; любая активность, связанная с механикой или технологией; оказание похоронных услуг; окончание вещей; изучение вопросов, связанных со смертью; сельскохозяйственные работы; любые действия, связанные с водой, например плавание на судне и пр.";В целом неблагоприятна для большинства видов деятельности, за исключением вышеуказанных. Особенно неблагоприятна для любых начинаний. Неблагоприятна для путешествий, секса, свадеб и ведения дел с правительством или высшими органами управления. Большая часть действий, совершенных под влиянием Пурвабхадрапады, часто приносят боль, беспокойство, сожаления, горе и большие трудности.;Гуру  ;Гуру ; Хорошо, когда учителя и наставники имеют Пурва Бхадрапада накшатру. Она позволяет ученикам быстро расти, глубоко усваивать знания.;Аджа Экапада: «Могу ли я обрести сияние и великолепие духовного знания?». Приобретает блеск и великолепие духовного знания. Пурва Бхадрапада обладает большим духовным потенциалом, таким же как Брихаспати, управляющий Пушьей. Накшатра может дать даже большую осознанность, способность к восприятию и духовный огонь – тот, который идет из Души. Она пробуждает стремление в жизни к высшему духовному потенциалу и силе. Аджа Экапада — это одноногий козел, символизирующий нашу бессмертную душу. ;Человек с 2 лицами, Меч ;Аджа экапада - посредник между небом и землёй;бока ;9
Уттара-Бхадра;Uttarabhadra;🏡  Дхрува (неподвижная) ;Варшольямана Шакти — Сила в обеспечении стабильности и возможности взращивать (принести дождь и растить растения) ;Рекомендуется совершать деятельность, рассчитан­ную на долговременный результат: заключать брак, начинать новый бизнес, сажать семена, переезжать в новый дом, давать клятвы, принимать обеты, за­кладывать фундамент дома, начинать строитель­ство и т.д.;"Тихая, умиротворяющая деятельность; исследования, медитация, развитие экстрасенсорных возможностей и исследование потустороннего мира.
Благоприятно давать обещания, обеты и обязательства, включая супружество; начинать строительные работы – дома, офиса и т.д.; финансовые сделки; начинать деятельность, которая требует поддержки других. Благоприятны начинания в сфере искусств; лечение болезней; сексуальная активность; вход в новый дом; выбор имени для детей и организаций; посадка растений, садоводство.";"Накшатра – неблагоприятна для путешествий, судебных процессов, решения вопросов с недоброжелателями, а также для действий, которые требуют быстрой стремительной реакции, для игры на бирже и азартных игр.
Неблагоприятно также давать деньги в долг, слишком высокая подвижность и большая физическая нагрузка.";Шани  ;Шукра ; Дает стабильность и уверенность в любом направлении жизни, обретается спокойствие.;Ахирбудхния пожелал: «Могу ли я найти самые основы?» Получает доступ к основам. Уттара Бхадрападра дает прочный фундамент в жизни, связывая нас с источниками жизнеспособности, Змеем, обитающим посреди моря — Ахирбудхнией. ;Близнецы, Смертный одр ;Ахирбудхнйа - дракон глубин;бока, подошвы ;11
Рэвати;Revati;🍀  Мриду (мягкая) ;Кшира Дьяпани Шакти — Сила воспитывать и защищать, питать и наполнять ;Заключение брака, знакомство, зачатие детей, на­чало новых проектов, покупки, путешествия, а так­же выполнение торжественных ритуалов: открытие чего-либо, чествование и т.д.;"Позитивный характер начала всех мероприятий; бизнес – деятельность и финансовые операции; все, связанное с обменом товаров; хорошо для брака и сексуальной активности; религиозные обряды; все виды путешествий; хорошо для работы с самоцветами (надевание их в первый раз и пр.); покупка машин, домов и других ценностей; творческая деятельность, такая как музыка, театр и т.д.; хороша для доброй, благотворительной и мягкой деятельности; обучение духовное, изучение оккультных наук; исцеление и лечение заболеваний; отдых и релаксация; хороша для такого досуга, как садоводство; хороша для завершения всего (нанесение последних штрихов на вещи).";"Последние две четверти этой накшатры следует избегать для начала всех видов дел. Избегать всех видов деятельности, требующих резкости и смелости. Не подходит для преодоления трудностей, препятствий, вражды и бедствий; не хороша для отрицательных, острых действий, таких как операции; не подходит для напряденной деятельности любого рода, например альпинизм.";Буддха ;Гуру ; Уверенность в обеспечении всех благ (духовных и материальных), в наполнении любовью и защитой.;Пушан пожелал: «Могу ли я стать властелином животных?» Ревати дает господство над домашним скотом, богатство урожая и плодородные поля. Рожденные под этой накшатрой любят хорошие вещи, предлагаемые жизнью, но пользуются ими так, чтобы находиться в гармонии с природой. Пушан – обладатель питающей энергией (пушти шакти) и провидец среди Богов Солнца. ;Рыба, барабан;Пушан (пастух коров), Солнце как кормилец и воспитатель;брюшная полость ;-